{
  "train": [
    0.1862626804588471,
    0.14172483171810574,
    0.12587854452805183
  ],
  "val": [
    0.14379049778963432,
    0.1449329321112465,
    0.15421782866165337
  ],
  "best_val_loss": 0.14379049778963432
}