{
  "train": [
    0.27552259838474646,
    0.18369557829666144,
    0.16536098081325892,
    0.15072108426099065,
    0.14472107433497772,
    0.1371471129717455,
    0.13945144056446485,
    0.1308708775970334,
    0.126375524283213,
    0.12304645619870025,
    0.11891108784162527,
    0.12225926706067415,
    0.11604179608314423,
    0.1154993190235509,
    0.11320072393710429,
    0.11925567806581679,
    0.09950619396139608,
    0.10663949347789876,
    0.10537502401607346,
    0.10405534544607983,
    0.08701993607831261,
    0.08871580369390701,
    0.09252971701610933,
    0.09375583333795834,
    0.07998305626538511,
    0.08232388569255367,
    0.08564678628522515,
    0.08509012453693089,
    0.06585399106749687,
    0.07168225414298149,
    0.07591741941951324,
    0.07605772730336671,
    0.06159703465525006,
    0.075318312907274,
    0.06657902377496666,
    0.06631241240266943,
    0.05799987766237992,
    0.060710013271107734,
    0.06056280127968059,
    0.06162820659353123,
    0.05730179099857612
  ],
  "val": [
    0.19059920087514448,
    0.16256201270587292,
    0.1532749590019413,
    0.15466718196407872,
    0.14591951333512654,
    0.14382626423285144,
    0.14425431816766882,
    0.138582722499851,
    0.14382474033645926,
    0.14742635607151863,
    0.14558725490249683,
    0.16515350021220998,
    0.16454394679005088,
    0.17707661067691016,
    0.2035280757020312,
    0.17752681721465663,
    0.20035742892714783,
    0.21781757094994283,
    0.19036686666170002,
    0.20298696099898358,
    0.240763199197028,
    0.23921686578708734,
    0.23313561217286496,
    0.24687325419605433,
    0.27423664755566396,
    0.28822289088753283,
    0.27033682119313585,
    0.28530391978618114,
    0.2775892010600752,
    0.35187167053032636,
    0.35614650515317275,
    0.33687034058462006,
    0.3417670264237707,
    0.38114157881751526,
    0.35981751527709144,
    0.40140987544990253,
    0.4034945692482919,
    0.3757443019533917,
    0.4425069402320792,
    0.42407969468232376,
    0.5160426316019799
  ],
  "labels": [
    "E1.1/4",
    "E1.2/4",
    "E1.3/4",
    "E1.4/4",
    "E2.1/4",
    "E2.2/4",
    "E2.3/4",
    "E2.4/4",
    "E3.1/4",
    "E3.2/4",
    "E3.3/4",
    "E3.4/4",
    "E4.1/4",
    "E4.2/4",
    "E4.3/4",
    "E4.4/4",
    "E5.1/4",
    "E5.2/4",
    "E5.3/4",
    "E5.4/4",
    "E6.1/4",
    "E6.2/4",
    "E6.3/4",
    "E6.4/4",
    "E7.1/4",
    "E7.2/4",
    "E7.3/4",
    "E7.4/4",
    "E8.1/4",
    "E8.2/4",
    "E8.3/4",
    "E8.4/4",
    "E9.1/4",
    "E9.2/4",
    "E9.3/4",
    "E9.4/4",
    "E10.1/4",
    "E10.2/4",
    "E10.3/4",
    "E10.4/4",
    "E11.1/4"
  ],
  "best_val_loss": 0.138582722499851
}