{"train": [0.14129169089098773, 0.11892227910370344, 0.10801793299437988, 0.0988408754993644, 0.08988942272325474, 0.08240183834030869], "val": [0.12118011706697501, 0.1146072284392005, 0.10814445639975537, 0.10602728188573819, 0.10651111643669837, 0.11101280585796584]}