{
  "total_samples": 6173,
  "top1_v7": {
    "0.5": 0.5216264377126195
  },
  "top1_yolo": {
    "0.5": 0.1558399481613478
  },
  "map": {
    "0.5": 0.42367007885872365
  },
  "per_task": {
    "1": {
      "task_name": "Step on something",
      "total": 486,
      "v7_acc": {
        "0.5": 0.5246913580246914
      },
      "yolo_acc": {
        "0.5": 0.16666666666666666
      }
    },
    "2": {
      "task_name": "Sit comfortably",
      "total": 658,
      "v7_acc": {
        "0.5": 0.5866261398176292
      },
      "yolo_acc": {
        "0.5": 0.23556231003039513
      }
    },
    "3": {
      "task_name": "Place flowers",
      "total": 410,
      "v7_acc": {
        "0.5": 0.4975609756097561
      },
      "yolo_acc": {
        "0.5": 0.24878048780487805
      }
    },
    "4": {
      "task_name": "Get potatoes out of fire",
      "total": 637,
      "v7_acc": {
        "0.5": 0.6248037676609105
      },
      "yolo_acc": {
        "0.5": 0.11459968602825746
      }
    },
    "5": {
      "task_name": "Water plant",
      "total": 455,
      "v7_acc": {
        "0.5": 0.4945054945054945
      },
      "yolo_acc": {
        "0.5": 0.25054945054945055
      }
    },
    "6": {
      "task_name": "Get lemon out of tea",
      "total": 437,
      "v7_acc": {
        "0.5": 0.3135011441647597
      },
      "yolo_acc": {
        "0.5": 0.09839816933638444
      }
    },
    "7": {
      "task_name": "Dig hole",
      "total": 639,
      "v7_acc": {
        "0.5": 0.6838810641627543
      },
      "yolo_acc": {
        "0.5": 0.07511737089201878
      }
    },
    "8": {
      "task_name": "Open bottle of beer",
      "total": 153,
      "v7_acc": {
        "0.5": 0.39215686274509803
      },
      "yolo_acc": {
        "0.5": 0.1895424836601307
      }
    },
    "9": {
      "task_name": "Open parcel",
      "total": 207,
      "v7_acc": {
        "0.5": 0.30917874396135264
      },
      "yolo_acc": {
        "0.5": 0.08695652173913043
      }
    },
    "10": {
      "task_name": "Serve wine",
      "total": 316,
      "v7_acc": {
        "0.5": 0.5031645569620253
      },
      "yolo_acc": {
        "0.5": 0.25
      }
    },
    "11": {
      "task_name": "Pour sugar",
      "total": 547,
      "v7_acc": {
        "0.5": 0.40036563071297987
      },
      "yolo_acc": {
        "0.5": 0.13893967093235832
      }
    },
    "12": {
      "task_name": "Smear butter",
      "total": 248,
      "v7_acc": {
        "0.5": 0.3064516129032258
      },
      "yolo_acc": {
        "0.5": 0.0846774193548387
      }
    },
    "13": {
      "task_name": "Extinguish fire",
      "total": 259,
      "v7_acc": {
        "0.5": 0.3938223938223938
      },
      "yolo_acc": {
        "0.5": 0.22007722007722008
      }
    },
    "14": {
      "task_name": "Pound carpet",
      "total": 709,
      "v7_acc": {
        "0.5": 0.7023977433004231
      },
      "yolo_acc": {
        "0.5": 0.0930888575458392
      }
    }
  }
}