{
  "total_samples": 6173,
  "top1_v1b": {
    "0.5": 0.5852907824396566
  },
  "top1_yolo": {
    "0.5": 0.1558399481613478
  },
  "map": {
    "0.5": 0.845618072728598
  },
  "score_mode": "prob",
  "per_task": {
    "1": {
      "task_name": "Step on something",
      "total": 486,
      "v1b_acc": {
        "0.5": 0.5925925925925926
      },
      "yolo_acc": {
        "0.5": 0.16666666666666666
      }
    },
    "2": {
      "task_name": "Sit comfortably",
      "total": 660,
      "v1b_acc": {
        "0.5": 0.6530303030303031
      },
      "yolo_acc": {
        "0.5": 0.23484848484848486
      }
    },
    "3": {
      "task_name": "Place flowers",
      "total": 411,
      "v1b_acc": {
        "0.5": 0.5888077858880778
      },
      "yolo_acc": {
        "0.5": 0.24817518248175183
      }
    },
    "4": {
      "task_name": "Get potatoes out of fire",
      "total": 639,
      "v1b_acc": {
        "0.5": 0.6306729264475743
      },
      "yolo_acc": {
        "0.5": 0.11424100156494522
      }
    },
    "5": {
      "task_name": "Water plant",
      "total": 455,
      "v1b_acc": {
        "0.5": 0.6065934065934065
      },
      "yolo_acc": {
        "0.5": 0.25054945054945055
      }
    },
    "6": {
      "task_name": "Get lemon out of tea",
      "total": 438,
      "v1b_acc": {
        "0.5": 0.4018264840182648
      },
      "yolo_acc": {
        "0.5": 0.09817351598173515
      }
    },
    "7": {
      "task_name": "Dig hole",
      "total": 640,
      "v1b_acc": {
        "0.5": 0.6953125
      },
      "yolo_acc": {
        "0.5": 0.075
      }
    },
    "8": {
      "task_name": "Open bottle of beer",
      "total": 153,
      "v1b_acc": {
        "0.5": 0.4444444444444444
      },
      "yolo_acc": {
        "0.5": 0.1895424836601307
      }
    },
    "9": {
      "task_name": "Open parcel",
      "total": 207,
      "v1b_acc": {
        "0.5": 0.3864734299516908
      },
      "yolo_acc": {
        "0.5": 0.08695652173913043
      }
    },
    "10": {
      "task_name": "Serve wine",
      "total": 316,
      "v1b_acc": {
        "0.5": 0.6518987341772152
      },
      "yolo_acc": {
        "0.5": 0.25
      }
    },
    "11": {
      "task_name": "Pour sugar",
      "total": 550,
      "v1b_acc": {
        "0.5": 0.4763636363636364
      },
      "yolo_acc": {
        "0.5": 0.13818181818181818
      }
    },
    "12": {
      "task_name": "Smear butter",
      "total": 248,
      "v1b_acc": {
        "0.5": 0.40725806451612906
      },
      "yolo_acc": {
        "0.5": 0.0846774193548387
      }
    },
    "13": {
      "task_name": "Extinguish fire",
      "total": 260,
      "v1b_acc": {
        "0.5": 0.5384615384615384
      },
      "yolo_acc": {
        "0.5": 0.21923076923076923
      }
    },
    "14": {
      "task_name": "Pound carpet",
      "total": 710,
      "v1b_acc": {
        "0.5": 0.6971830985915493
      },
      "yolo_acc": {
        "0.5": 0.09295774647887324
      }
    }
  }
}