{
  "total_samples": 6173,
  "top1_v6": {
    "0.5": 0.6008423780981694
  },
  "top1_yolo": {
    "0.5": 0.1558399481613478
  },
  "map": {
    "0.5": 0.51683909168423
  },
  "per_task": {
    "1": {
      "task_name": "Step on something",
      "total": 486,
      "v6_acc": {
        "0.5": 0.6111111111111112
      },
      "yolo_acc": {
        "0.5": 0.16666666666666666
      }
    },
    "2": {
      "task_name": "Sit comfortably",
      "total": 658,
      "v6_acc": {
        "0.5": 0.6367781155015197
      },
      "yolo_acc": {
        "0.5": 0.23556231003039513
      }
    },
    "3": {
      "task_name": "Place flowers",
      "total": 410,
      "v6_acc": {
        "0.5": 0.6073170731707317
      },
      "yolo_acc": {
        "0.5": 0.24878048780487805
      }
    },
    "4": {
      "task_name": "Get potatoes out of fire",
      "total": 637,
      "v6_acc": {
        "0.5": 0.6546310832025117
      },
      "yolo_acc": {
        "0.5": 0.11459968602825746
      }
    },
    "5": {
      "task_name": "Water plant",
      "total": 455,
      "v6_acc": {
        "0.5": 0.6197802197802198
      },
      "yolo_acc": {
        "0.5": 0.25054945054945055
      }
    },
    "6": {
      "task_name": "Get lemon out of tea",
      "total": 437,
      "v6_acc": {
        "0.5": 0.41647597254004576
      },
      "yolo_acc": {
        "0.5": 0.09839816933638444
      }
    },
    "7": {
      "task_name": "Dig hole",
      "total": 639,
      "v6_acc": {
        "0.5": 0.7276995305164319
      },
      "yolo_acc": {
        "0.5": 0.07511737089201878
      }
    },
    "8": {
      "task_name": "Open bottle of beer",
      "total": 153,
      "v6_acc": {
        "0.5": 0.45098039215686275
      },
      "yolo_acc": {
        "0.5": 0.1895424836601307
      }
    },
    "9": {
      "task_name": "Open parcel",
      "total": 207,
      "v6_acc": {
        "0.5": 0.38164251207729466
      },
      "yolo_acc": {
        "0.5": 0.08695652173913043
      }
    },
    "10": {
      "task_name": "Serve wine",
      "total": 316,
      "v6_acc": {
        "0.5": 0.6867088607594937
      },
      "yolo_acc": {
        "0.5": 0.25
      }
    },
    "11": {
      "task_name": "Pour sugar",
      "total": 547,
      "v6_acc": {
        "0.5": 0.5118829981718465
      },
      "yolo_acc": {
        "0.5": 0.13893967093235832
      }
    },
    "12": {
      "task_name": "Smear butter",
      "total": 248,
      "v6_acc": {
        "0.5": 0.39919354838709675
      },
      "yolo_acc": {
        "0.5": 0.0846774193548387
      }
    },
    "13": {
      "task_name": "Extinguish fire",
      "total": 259,
      "v6_acc": {
        "0.5": 0.5444015444015444
      },
      "yolo_acc": {
        "0.5": 0.22007722007722008
      }
    },
    "14": {
      "task_name": "Pound carpet",
      "total": 709,
      "v6_acc": {
        "0.5": 0.7235543018335684
      },
      "yolo_acc": {
        "0.5": 0.0930888575458392
      }
    }
  }
}