{
  "total_samples": 6173,
  "top1_v1c": {
    "0.5": 0.3968896808682974
  },
  "top1_yolo": {
    "0.5": 0.15357200712781469
  },
  "map": {
    "0.5": 0.8153638764391005
  },
  "score_mode": "fused",
  "yolo_model": "yolov8s-worldv2.pt",
  "per_task": {
    "1": {
      "task_name": "Step on something",
      "total": 486,
      "v1c_acc": {
        "0.5": 0.6399176954732511
      },
      "yolo_acc": {
        "0.5": 0.20987654320987653
      }
    },
    "2": {
      "task_name": "Sit comfortably",
      "total": 660,
      "v1c_acc": {
        "0.5": 0.6151515151515151
      },
      "yolo_acc": {
        "0.5": 0.2696969696969697
      }
    },
    "3": {
      "task_name": "Place flowers",
      "total": 411,
      "v1c_acc": {
        "0.5": 0.6034063260340633
      },
      "yolo_acc": {
        "0.5": 0.3309002433090024
      }
    },
    "4": {
      "task_name": "Get potatoes out of fire",
      "total": 639,
      "v1c_acc": {
        "0.5": 0.07981220657276995
      },
      "yolo_acc": {
        "0.5": 0.0406885758998435
      }
    },
    "5": {
      "task_name": "Water plant",
      "total": 455,
      "v1c_acc": {
        "0.5": 0.6725274725274726
      },
      "yolo_acc": {
        "0.5": 0.3384615384615385
      }
    },
    "6": {
      "task_name": "Get lemon out of tea",
      "total": 438,
      "v1c_acc": {
        "0.5": 0.4041095890410959
      },
      "yolo_acc": {
        "0.5": 0.07534246575342465
      }
    },
    "7": {
      "task_name": "Dig hole",
      "total": 640,
      "v1c_acc": {
        "0.5": 0.04375
      },
      "yolo_acc": {
        "0.5": 0.01875
      }
    },
    "8": {
      "task_name": "Open bottle of beer",
      "total": 153,
      "v1c_acc": {
        "0.5": 0.4117647058823529
      },
      "yolo_acc": {
        "0.5": 0.16339869281045752
      }
    },
    "9": {
      "task_name": "Open parcel",
      "total": 207,
      "v1c_acc": {
        "0.5": 0.357487922705314
      },
      "yolo_acc": {
        "0.5": 0.024154589371980676
      }
    },
    "10": {
      "task_name": "Serve wine",
      "total": 316,
      "v1c_acc": {
        "0.5": 0.7151898734177216
      },
      "yolo_acc": {
        "0.5": 0.2626582278481013
      }
    },
    "11": {
      "task_name": "Pour sugar",
      "total": 550,
      "v1c_acc": {
        "0.5": 0.4890909090909091
      },
      "yolo_acc": {
        "0.5": 0.17454545454545456
      }
    },
    "12": {
      "task_name": "Smear butter",
      "total": 248,
      "v1c_acc": {
        "0.5": 0.4153225806451613
      },
      "yolo_acc": {
        "0.5": 0.05241935483870968
      }
    },
    "13": {
      "task_name": "Extinguish fire",
      "total": 260,
      "v1c_acc": {
        "0.5": 0.6538461538461539
      },
      "yolo_acc": {
        "0.5": 0.3076923076923077
      }
    },
    "14": {
      "task_name": "Pound carpet",
      "total": 710,
      "v1c_acc": {
        "0.5": 0.02535211267605634
      },
      "yolo_acc": {
        "0.5": 0.007042253521126761
      }
    }
  }
}