{
  "train": [
    0.044838070858099925,
    0.03543401232331119,
    0.033649369920566975
  ],
  "val": [
    0.03444280201029624,
    0.034222296848671424,
    0.03437038491738753
  ],
  "best_val_loss": 0.034222296848671424
}