{
  "train": [
    0.07659740249315898,
    0.0740022776086652,
    0.07321028565869682,
    0.07231286941244015,
    0.07099221909773491,
    0.0705432744179335,
    0.07010073787606662,
    0.06962431486962097,
    0.06772659678485185,
    0.06761669407761287,
    0.06736654331464142
  ],
  "val": [
    0.07532884617646535,
    0.07420828916960293,
    0.07329255294941721,
    0.07250389846071364,
    0.07247793618175719,
    0.07199457231968168,
    0.07208853868501527,
    0.07149933947220681,
    0.07189381718872086,
    0.07140575257795198,
    0.07185688139427276
  ],
  "labels": [
    "E1.1/4",
    "E1.2/4",
    "E1.3/4",
    "E1.4/4",
    "E2.1/4",
    "E2.2/4",
    "E2.3/4",
    "E2.4/4",
    "E3.1/4",
    "E3.2/4",
    "E3.3/4"
  ],
  "best_val_loss": 0.07140575257795198
}