{
  "V1": {
    "top1_satay": 0.19277498785031588,
    "top1_yolo": 0.1558399481613478,
    "map50": 0.23555628126057607,
    "per_task": {
      "1": 0.2037037037037037,
      "2": 0.2863636363636364,
      "3": 0.22384428223844283,
      "4": 0.16118935837245696,
      "5": 0.23956043956043957,
      "6": 0.1415525114155251,
      "7": 0.184375,
      "8": 0.1437908496732026,
      "9": 0.1497584541062802,
      "10": 0.1962025316455696,
      "11": 0.2,
      "12": 0.11290322580645161,
      "13": 0.18846153846153846,
      "14": 0.16338028169014085
    }
  },
  "V2": {
    "top1_satay": 0.5018629515632593,
    "top1_yolo": 0.1558399481613478,
    "map50": 0.7677134570203714,
    "per_task": {
      "1": 0.49382716049382713,
      "2": 0.5212121212121212,
      "3": 0.5523114355231143,
      "4": 0.514866979655712,
      "5": 0.5692307692307692,
      "6": 0.3698630136986301,
      "7": 0.575,
      "8": 0.33986928104575165,
      "9": 0.34299516908212563,
      "10": 0.6075949367088608,
      "11": 0.41454545454545455,
      "12": 0.3548387096774194,
      "13": 0.4807692307692308,
      "14": 0.5816901408450704
    }
  },
  "V3": {
    "top1_satay": 0.5154705977644581,
    "top1_yolo": 0.1558399481613478,
    "map50": 0.7818000673747744,
    "per_task": {
      "1": 0.49176954732510286,
      "2": 0.5318181818181819,
      "3": 0.559610705596107,
      "4": 0.5524256651017214,
      "5": 0.567032967032967,
      "6": 0.3721461187214612,
      "7": 0.6171875,
      "8": 0.3137254901960784,
      "9": 0.357487922705314,
      "10": 0.6265822784810127,
      "11": 0.39636363636363636,
      "12": 0.3709677419354839,
      "13": 0.48846153846153845,
      "14": 0.6140845070422535
    }
  },
  "V4": {
    "top1_satay": 0.46865381500081,
    "top1_yolo": 0.1558399481613478,
    "map50": 0.7141188354058663,
    "per_task": {
      "1": 0.4403292181069959,
      "2": 0.5136363636363637,
      "3": 0.5425790754257908,
      "4": 0.48200312989045385,
      "5": 0.5472527472527473,
      "6": 0.3150684931506849,
      "7": 0.51875,
      "8": 0.24183006535947713,
      "9": 0.34299516908212563,
      "10": 0.5759493670886076,
      "11": 0.38727272727272727,
      "12": 0.3346774193548387,
      "13": 0.47307692307692306,
      "14": 0.5366197183098591
    }
  },
  "V5": {
    "top1_satay": 0.5008909768346023,
    "top1_yolo": 0.1558399481613478,
    "map50": 0.7530284067196077,
    "per_task": {
      "1": 0.47530864197530864,
      "2": 0.5242424242424243,
      "3": 0.537712895377129,
      "4": 0.5289514866979655,
      "5": 0.5604395604395604,
      "6": 0.3698630136986301,
      "7": 0.58125,
      "8": 0.28104575163398693,
      "9": 0.3333333333333333,
      "10": 0.620253164556962,
      "11": 0.4127272727272727,
      "12": 0.3629032258064516,
      "13": 0.49230769230769234,
      "14": 0.5830985915492958
    }
  }
}