{
  "total_samples": 6173,
  "top1_satay": {
    "0.5": 0.46865381500081,
    "0.75": 0.4032075166045683
  },
  "top1_yolo": {
    "0.5": 0.1558399481613478,
    "0.75": 0.1449862303580107
  },
  "map": {
    "0.5": 0.7141188354058663,
    "0.75": 0.6665568108724409
  },
  "per_task": {
    "1": {
      "task_name": "Step on something",
      "total": 486,
      "satay_acc": {
        "0.5": 0.4403292181069959,
        "0.75": 0.38271604938271603
      },
      "yolo_acc": {
        "0.5": 0.16666666666666666,
        "0.75": 0.15432098765432098
      }
    },
    "2": {
      "task_name": "Sit comfortably",
      "total": 660,
      "satay_acc": {
        "0.5": 0.5136363636363637,
        "0.75": 0.44393939393939397
      },
      "yolo_acc": {
        "0.5": 0.23484848484848486,
        "0.75": 0.2
      }
    },
    "3": {
      "task_name": "Place flowers",
      "total": 411,
      "satay_acc": {
        "0.5": 0.5425790754257908,
        "0.75": 0.49635036496350365
      },
      "yolo_acc": {
        "0.5": 0.24817518248175183,
        "0.75": 0.24574209245742093
      }
    },
    "4": {
      "task_name": "Get potatoes out of fire",
      "total": 639,
      "satay_acc": {
        "0.5": 0.48200312989045385,
        "0.75": 0.38810641627543035
      },
      "yolo_acc": {
        "0.5": 0.11424100156494522,
        "0.75": 0.10328638497652583
      }
    },
    "5": {
      "task_name": "Water plant",
      "total": 455,
      "satay_acc": {
        "0.5": 0.5472527472527473,
        "0.75": 0.4879120879120879
      },
      "yolo_acc": {
        "0.5": 0.25054945054945055,
        "0.75": 0.23956043956043957
      }
    },
    "6": {
      "task_name": "Get lemon out of tea",
      "total": 438,
      "satay_acc": {
        "0.5": 0.3150684931506849,
        "0.75": 0.2762557077625571
      },
      "yolo_acc": {
        "0.5": 0.09817351598173515,
        "0.75": 0.0958904109589041
      }
    },
    "7": {
      "task_name": "Dig hole",
      "total": 640,
      "satay_acc": {
        "0.5": 0.51875,
        "0.75": 0.43125
      },
      "yolo_acc": {
        "0.5": 0.075,
        "0.75": 0.06875
      }
    },
    "8": {
      "task_name": "Open bottle of beer",
      "total": 153,
      "satay_acc": {
        "0.5": 0.24183006535947713,
        "0.75": 0.21568627450980393
      },
      "yolo_acc": {
        "0.5": 0.1895424836601307,
        "0.75": 0.1830065359477124
      }
    },
    "9": {
      "task_name": "Open parcel",
      "total": 207,
      "satay_acc": {
        "0.5": 0.34299516908212563,
        "0.75": 0.2946859903381642
      },
      "yolo_acc": {
        "0.5": 0.08695652173913043,
        "0.75": 0.07729468599033816
      }
    },
    "10": {
      "task_name": "Serve wine",
      "total": 316,
      "satay_acc": {
        "0.5": 0.5759493670886076,
        "0.75": 0.5316455696202531
      },
      "yolo_acc": {
        "0.5": 0.25,
        "0.75": 0.24050632911392406
      }
    },
    "11": {
      "task_name": "Pour sugar",
      "total": 550,
      "satay_acc": {
        "0.5": 0.38727272727272727,
        "0.75": 0.34363636363636363
      },
      "yolo_acc": {
        "0.5": 0.13818181818181818,
        "0.75": 0.13090909090909092
      }
    },
    "12": {
      "task_name": "Smear butter",
      "total": 248,
      "satay_acc": {
        "0.5": 0.3346774193548387,
        "0.75": 0.2862903225806452
      },
      "yolo_acc": {
        "0.5": 0.0846774193548387,
        "0.75": 0.07661290322580645
      }
    },
    "13": {
      "task_name": "Extinguish fire",
      "total": 260,
      "satay_acc": {
        "0.5": 0.47307692307692306,
        "0.75": 0.4076923076923077
      },
      "yolo_acc": {
        "0.5": 0.21923076923076923,
        "0.75": 0.2153846153846154
      }
    },
    "14": {
      "task_name": "Pound carpet",
      "total": 710,
      "satay_acc": {
        "0.5": 0.5366197183098591,
        "0.75": 0.43802816901408453
      },
      "yolo_acc": {
        "0.5": 0.09295774647887324,
        "0.75": 0.08309859154929577
      }
    }
  }
}