{"train": [0.10773970246167174, 0.09071460852443818, 0.08449472499952193, 0.07965702727318756, 0.07537709367358023, 0.07085075167436448, 0.06502936600323116, 0.06018632932263057, 0.05672725991168547, 0.05397500300528629], "val": [0.09142033391493859, 0.08757882075639693, 0.08695424559190713, 0.08611999230337747, 0.08724124354424755, 0.0862773958870001, 0.08765047353546354, 0.08981627038479319, 0.09134455814955107, 0.09344857356914447]}