{
  "total_samples": 6173,
  "top1_v7": {
    "0.5": 0.33921918030131215
  },
  "top1_yolo": {
    "0.5": 0.1558399481613478
  },
  "map": {
    "0.5": 0.1671494810351738
  },
  "per_task": {
    "1": {
      "task_name": "Step on something",
      "total": 486,
      "v8_acc": {
        "0.5": 0.3230452674897119
      },
      "yolo_acc": {
        "0.5": 0.16666666666666666
      }
    },
    "2": {
      "task_name": "Sit comfortably",
      "total": 658,
      "v8_acc": {
        "0.5": 0.4012158054711246
      },
      "yolo_acc": {
        "0.5": 0.23556231003039513
      }
    },
    "3": {
      "task_name": "Place flowers",
      "total": 410,
      "v8_acc": {
        "0.5": 0.37317073170731707
      },
      "yolo_acc": {
        "0.5": 0.24878048780487805
      }
    },
    "4": {
      "task_name": "Get potatoes out of fire",
      "total": 637,
      "v8_acc": {
        "0.5": 0.4050235478806907
      },
      "yolo_acc": {
        "0.5": 0.11459968602825746
      }
    },
    "5": {
      "task_name": "Water plant",
      "total": 455,
      "v8_acc": {
        "0.5": 0.3362637362637363
      },
      "yolo_acc": {
        "0.5": 0.25054945054945055
      }
    },
    "6": {
      "task_name": "Get lemon out of tea",
      "total": 437,
      "v8_acc": {
        "0.5": 0.17848970251716248
      },
      "yolo_acc": {
        "0.5": 0.09839816933638444
      }
    },
    "7": {
      "task_name": "Dig hole",
      "total": 639,
      "v8_acc": {
        "0.5": 0.37402190923317685
      },
      "yolo_acc": {
        "0.5": 0.07511737089201878
      }
    },
    "8": {
      "task_name": "Open bottle of beer",
      "total": 153,
      "v8_acc": {
        "0.5": 0.3202614379084967
      },
      "yolo_acc": {
        "0.5": 0.1895424836601307
      }
    },
    "9": {
      "task_name": "Open parcel",
      "total": 207,
      "v8_acc": {
        "0.5": 0.2222222222222222
      },
      "yolo_acc": {
        "0.5": 0.08695652173913043
      }
    },
    "10": {
      "task_name": "Serve wine",
      "total": 316,
      "v8_acc": {
        "0.5": 0.41455696202531644
      },
      "yolo_acc": {
        "0.5": 0.25
      }
    },
    "11": {
      "task_name": "Pour sugar",
      "total": 547,
      "v8_acc": {
        "0.5": 0.2851919561243144
      },
      "yolo_acc": {
        "0.5": 0.13893967093235832
      }
    },
    "12": {
      "task_name": "Smear butter",
      "total": 248,
      "v8_acc": {
        "0.5": 0.2056451612903226
      },
      "yolo_acc": {
        "0.5": 0.0846774193548387
      }
    },
    "13": {
      "task_name": "Extinguish fire",
      "total": 259,
      "v8_acc": {
        "0.5": 0.2857142857142857
      },
      "yolo_acc": {
        "0.5": 0.22007722007722008
      }
    },
    "14": {
      "task_name": "Pound carpet",
      "total": 709,
      "v8_acc": {
        "0.5": 0.4019746121297602
      },
      "yolo_acc": {
        "0.5": 0.0930888575458392
      }
    }
  }
}