{"train": [0.13737044824228165, 0.11335331098191322, 0.10497277901877486, 0.09782154457968852, 0.08910428833216429, 0.08189815718266699, 0.07595291022285228], "val": [0.11554649376799707, 0.1102105066764374, 0.10697243040070638, 0.10927406076145675, 0.10736469457377762, 0.10906132369700802, 0.1120813238439812]}