{
  "total_samples": 6173,
  "top1_satay": 0.5154705977644581,
  "top1_yolo": 0.1558399481613478,
  "delta": 0.3596306496031103,
  "map50": 0.7818000673747744,
  "precision": 0.5154705977644581,
  "per_task": {
    "1": {
      "task_name": "Step on something",
      "total": 486,
      "satay_correct": 239,
      "yolo_correct": 81,
      "satay_acc": 0.49176954732510286,
      "yolo_acc": 0.16666666666666666
    },
    "2": {
      "task_name": "Sit comfortably",
      "total": 660,
      "satay_correct": 351,
      "yolo_correct": 155,
      "satay_acc": 0.5318181818181819,
      "yolo_acc": 0.23484848484848486
    },
    "3": {
      "task_name": "Place flowers",
      "total": 411,
      "satay_correct": 230,
      "yolo_correct": 102,
      "satay_acc": 0.559610705596107,
      "yolo_acc": 0.24817518248175183
    },
    "4": {
      "task_name": "Get potatoes out of fire",
      "total": 639,
      "satay_correct": 353,
      "yolo_correct": 73,
      "satay_acc": 0.5524256651017214,
      "yolo_acc": 0.11424100156494522
    },
    "5": {
      "task_name": "Water plant",
      "total": 455,
      "satay_correct": 258,
      "yolo_correct": 114,
      "satay_acc": 0.567032967032967,
      "yolo_acc": 0.25054945054945055
    },
    "6": {
      "task_name": "Get lemon out of tea",
      "total": 438,
      "satay_correct": 163,
      "yolo_correct": 43,
      "satay_acc": 0.3721461187214612,
      "yolo_acc": 0.09817351598173515
    },
    "7": {
      "task_name": "Dig hole",
      "total": 640,
      "satay_correct": 395,
      "yolo_correct": 48,
      "satay_acc": 0.6171875,
      "yolo_acc": 0.075
    },
    "8": {
      "task_name": "Open bottle of beer",
      "total": 153,
      "satay_correct": 48,
      "yolo_correct": 29,
      "satay_acc": 0.3137254901960784,
      "yolo_acc": 0.1895424836601307
    },
    "9": {
      "task_name": "Open parcel",
      "total": 207,
      "satay_correct": 74,
      "yolo_correct": 18,
      "satay_acc": 0.357487922705314,
      "yolo_acc": 0.08695652173913043
    },
    "10": {
      "task_name": "Serve wine",
      "total": 316,
      "satay_correct": 198,
      "yolo_correct": 79,
      "satay_acc": 0.6265822784810127,
      "yolo_acc": 0.25
    },
    "11": {
      "task_name": "Pour sugar",
      "total": 550,
      "satay_correct": 218,
      "yolo_correct": 76,
      "satay_acc": 0.39636363636363636,
      "yolo_acc": 0.13818181818181818
    },
    "12": {
      "task_name": "Smear butter",
      "total": 248,
      "satay_correct": 92,
      "yolo_correct": 21,
      "satay_acc": 0.3709677419354839,
      "yolo_acc": 0.0846774193548387
    },
    "13": {
      "task_name": "Extinguish fire",
      "total": 260,
      "satay_correct": 127,
      "yolo_correct": 57,
      "satay_acc": 0.48846153846153845,
      "yolo_acc": 0.21923076923076923
    },
    "14": {
      "task_name": "Pound carpet",
      "total": 710,
      "satay_correct": 436,
      "yolo_correct": 66,
      "satay_acc": 0.6140845070422535,
      "yolo_acc": 0.09295774647887324
    }
  }
}