{"train": [0.17211968389118001, 0.16722401485024463, 0.16547278697114615, 0.16425056864049226, 0.1632968969010408, 0.16254625012299845, 0.1616959625659954, 0.16105020227354197, 0.16065111869916557, 0.159811737866747, 0.15917924676563533, 0.15835534695417636, 0.157838740493097, 0.15722964148081484, 0.15630013218415634, 0.15546712768811083, 0.15452795070315165, 0.15381880555006247, 0.15240333548673088, 0.15187795424981723], "val": [0.1607299959340232, 0.15865214888909407, 0.15859296607198714, 0.16008610404001994, 0.15673986258727457, 0.15640625425231486, 0.1559504553413274, 0.15675395641293907, 0.15508096275891314, 0.15545444084014648, 0.15471075897265774, 0.1552579679802949, 0.15552273796644384, 0.155151287772454, 0.1555832118146963, 0.15718852775348682, 0.15601829104456427, 0.15629307759942268, 0.15737545065201233, 0.1570041147890964]}