{
  "train": [
    0.2662306483738893,
    0.18585469829665113,
    0.1630157091699186,
    0.1558609784077867,
    0.15170768031555723,
    0.14753925200129742,
    0.1458235646080174,
    0.14682980351613437,
    0.13101921341115969,
    0.12590600024486054,
    0.1337444261707773,
    0.1286577235803019,
    0.11220151871002275,
    0.1183558733892903
  ],
  "val": [
    0.1931335852952214,
    0.16494453520753774,
    0.16397320282175992,
    0.14617012418369207,
    0.14997582611051724,
    0.14772950945949254,
    0.17117773847754444,
    0.1554023190160965,
    0.15323036628706355,
    0.18945527412422342,
    0.15176348979178245,
    0.17980583447932696,
    0.20783548634048804,
    0.20822194731037041
  ],
  "labels": [
    "E1.1/4",
    "E1.2/4",
    "E1.3/4",
    "E1.4/4",
    "E2.1/4",
    "E2.2/4",
    "E2.3/4",
    "E2.4/4",
    "E3.1/4",
    "E3.2/4",
    "E3.3/4",
    "E3.4/4",
    "E4.1/4",
    "E4.2/4"
  ],
  "best_val_loss": 0.14617012418369207
}