{
  "total_samples": 6173,
  "top1_satay": {
    "0.5": 0.5154705977644581,
    "0.75": 0.433014741616718
  },
  "top1_yolo": {
    "0.5": 0.1558399481613478,
    "0.75": 0.1449862303580107
  },
  "map": {
    "0.5": 0.7818000673747744,
    "0.75": 0.728365966600996
  },
  "per_task": {
    "1": {
      "task_name": "Step on something",
      "total": 486,
      "satay_acc": {
        "0.5": 0.49176954732510286,
        "0.75": 0.4156378600823045
      },
      "yolo_acc": {
        "0.5": 0.16666666666666666,
        "0.75": 0.15432098765432098
      }
    },
    "2": {
      "task_name": "Sit comfortably",
      "total": 660,
      "satay_acc": {
        "0.5": 0.5318181818181819,
        "0.75": 0.45606060606060606
      },
      "yolo_acc": {
        "0.5": 0.23484848484848486,
        "0.75": 0.2
      }
    },
    "3": {
      "task_name": "Place flowers",
      "total": 411,
      "satay_acc": {
        "0.5": 0.559610705596107,
        "0.75": 0.51338199513382
      },
      "yolo_acc": {
        "0.5": 0.24817518248175183,
        "0.75": 0.24574209245742093
      }
    },
    "4": {
      "task_name": "Get potatoes out of fire",
      "total": 639,
      "satay_acc": {
        "0.5": 0.5524256651017214,
        "0.75": 0.4209702660406886
      },
      "yolo_acc": {
        "0.5": 0.11424100156494522,
        "0.75": 0.10328638497652583
      }
    },
    "5": {
      "task_name": "Water plant",
      "total": 455,
      "satay_acc": {
        "0.5": 0.567032967032967,
        "0.75": 0.5076923076923077
      },
      "yolo_acc": {
        "0.5": 0.25054945054945055,
        "0.75": 0.23956043956043957
      }
    },
    "6": {
      "task_name": "Get lemon out of tea",
      "total": 438,
      "satay_acc": {
        "0.5": 0.3721461187214612,
        "0.75": 0.3287671232876712
      },
      "yolo_acc": {
        "0.5": 0.09817351598173515,
        "0.75": 0.0958904109589041
      }
    },
    "7": {
      "task_name": "Dig hole",
      "total": 640,
      "satay_acc": {
        "0.5": 0.6171875,
        "0.75": 0.4875
      },
      "yolo_acc": {
        "0.5": 0.075,
        "0.75": 0.06875
      }
    },
    "8": {
      "task_name": "Open bottle of beer",
      "total": 153,
      "satay_acc": {
        "0.5": 0.3137254901960784,
        "0.75": 0.23529411764705882
      },
      "yolo_acc": {
        "0.5": 0.1895424836601307,
        "0.75": 0.1830065359477124
      }
    },
    "9": {
      "task_name": "Open parcel",
      "total": 207,
      "satay_acc": {
        "0.5": 0.357487922705314,
        "0.75": 0.3188405797101449
      },
      "yolo_acc": {
        "0.5": 0.08695652173913043,
        "0.75": 0.07729468599033816
      }
    },
    "10": {
      "task_name": "Serve wine",
      "total": 316,
      "satay_acc": {
        "0.5": 0.6265822784810127,
        "0.75": 0.5759493670886076
      },
      "yolo_acc": {
        "0.5": 0.25,
        "0.75": 0.24050632911392406
      }
    },
    "11": {
      "task_name": "Pour sugar",
      "total": 550,
      "satay_acc": {
        "0.5": 0.39636363636363636,
        "0.75": 0.3381818181818182
      },
      "yolo_acc": {
        "0.5": 0.13818181818181818,
        "0.75": 0.13090909090909092
      }
    },
    "12": {
      "task_name": "Smear butter",
      "total": 248,
      "satay_acc": {
        "0.5": 0.3709677419354839,
        "0.75": 0.32661290322580644
      },
      "yolo_acc": {
        "0.5": 0.0846774193548387,
        "0.75": 0.07661290322580645
      }
    },
    "13": {
      "task_name": "Extinguish fire",
      "total": 260,
      "satay_acc": {
        "0.5": 0.48846153846153845,
        "0.75": 0.41923076923076924
      },
      "yolo_acc": {
        "0.5": 0.21923076923076923,
        "0.75": 0.2153846153846154
      }
    },
    "14": {
      "task_name": "Pound carpet",
      "total": 710,
      "satay_acc": {
        "0.5": 0.6140845070422535,
        "0.75": 0.4830985915492958
      },
      "yolo_acc": {
        "0.5": 0.09295774647887324,
        "0.75": 0.08309859154929577
      }
    }
  }
}