{
  "train": [
    0.4095820892068173,
    0.36410359975811196,
    0.3439466818898042,
    0.33163092149911716,
    0.3236290782679423,
    0.31671974145167964,
    0.3212050794359317,
    0.3151677683738002,
    0.2965130674393015,
    0.30529876033034514
  ],
  "val": [
    0.3636196384061542,
    0.3126608727578192,
    0.2912981327902526,
    0.3109295582513155,
    0.3044731211502452,
    0.29887145574914203,
    0.29520324791038766,
    0.30219216793967735,
    0.32084779291853516,
    0.2987305045823589
  ],
  "labels": [
    "E1.1/4",
    "E1.2/4",
    "E1.3/4",
    "E1.4/4",
    "E2.1/4",
    "E2.2/4",
    "E2.3/4",
    "E2.4/4",
    "E3.1/4",
    "E3.2/4"
  ],
  "best_val_loss": 0.2912981327902526,
  "pos_weight": 5.0,
  "yolo_model": "yolov8s-worldv2.pt"
}