{
  "train": [
    0.029594841493766694,
    0.025142819300803934,
    0.023865757857464136,
    0.02215360093072781,
    0.020471884993446383,
    0.019776171681310406,
    0.019130123339294057,
    0.018916536649859542,
    0.01728873319622676,
    0.017256893342479117,
    0.017286711447088727,
    0.016973410992761187,
    0.01613272129084974
  ],
  "val": [
    0.024111336034737408,
    0.023301550638196725,
    0.021737333203606782,
    0.020252217890968222,
    0.02030420776769345,
    0.01959278885646084,
    0.01993776602551132,
    0.019355426408268008,
    0.01950594207272742,
    0.019566358975270565,
    0.020549680027005517,
    0.020510536589163745,
    0.022052796634073443
  ],
  "labels": [
    "E1.1/4",
    "E1.2/4",
    "E1.3/4",
    "E1.4/4",
    "E2.1/4",
    "E2.2/4",
    "E2.3/4",
    "E2.4/4",
    "E3.1/4",
    "E3.2/4",
    "E3.3/4",
    "E3.4/4",
    "E4.1/4"
  ],
  "best_val_loss": 0.019355426408268008
}