{"train": [0.12739041197897186, 0.10822452140380702, 0.10066216427862408, 0.09486202174457647, 0.08974278035484964, 0.08422630686120736, 0.07744821174705904, 0.07218993402293158], "val": [0.10920979242936145, 0.10459857219818336, 0.10401557628033585, 0.10312370568914823, 0.10394714756374679, 0.10302619898562063, 0.10364538422000634, 0.10667755305302987]}